Python研发工程师,本科,杭州,D轮及以上,酷家乐,移动互联网,15k-23k,拱墅区,期权激励、年度旅游、年终丰厚、零食水果,500-2000人,1-3年
Python开发工程师,本科,北京,C轮,天下秀,"移动互联网,广告营销",18k-25k,朝阳区,"团队氛围好,五险一金,节日福利",500-2000人,1-3年
Python工程师,本科,北京,C轮,Face++,"移动互联网,硬件",20k-40k,海淀区,"技术驱动,极客氛围,大牛团队",500-2000人,1-3年
Python开发工程师,本科,成都,上市公司,顺网科技,"游戏,文化娱乐",10k-20k,武侯区,"上市公司,大数据,大平台,福利健全",500-2000人,3-5年
Python开发工程师,本科,深圳,上市公司,Shopee,电子商务,15k-30k,南山区,东南亚跨境电商平台、福利棒、美女多,2000人以上,1-3年
python研发工程师,大专,北京,B轮,先花花,"移动互联网,金融",15k-20k,海淀区,带薪年假,150-500人,3-5年
Python,不限,北京,C轮,洋葱数学,"移动互联网,教育",15k-30k,朝阳区,"年假15天,免费早午餐,技术氛围好,弹性不打卡",150-500人,1-3年
Python 开发工程师,本科,北京,上市公司,360,"移动互联网,游戏",25k-35k,朝阳区,五险一金 补充医疗 免费三餐和班车,2000人以上,3-5年
Python开发工程师,本科,深圳,B轮,商汤科技,移动互联网,15k-30k,南山区,"人工智能,福利好,技术大牛多,弹性工作",500-2000人,3-5年
python工程师,本科,北京,C轮,作业盒子,"移动互联网,教育",20k-40k,朝阳区,"大平台,技术牛,好前景,核心职位",500-2000人,3-5年
服务端高级开发工程师Golang/Python,本科,北京,D轮及以上,美团点评,"移动互联网,O2O",35k-45k,朝阳区,"优厚待遇,技术导向",2000人以上,3-5年
Python程序员,本科,厦门,上市公司,点触科技,"移动互联网,游戏",10k-20k,思明区,五险一金，双休，班车接送，免费早餐,150-500人,3-5年
技术工程部-python开发工程师,本科,北京,C轮,搜狗,"移动互联网,数据服务",20k-40k,海淀区,技术先进、团队气氛佳,2000人以上,3-5年
Python开发工程师（上海）,本科,上海,不需要融资,平安科技,金融,15k-30k,浦东新区,世界50强 节日福利 绩效丰厚,2000人以上,不限
Python开发,本科,深圳,不需要融资,顺丰科技有限公司,"移动互联网,电子商务",20k-30k,南山区,"开发,能力论英雄",500-2000人,3-5年
python工程师,本科,北京,C轮,作业盒子,"移动互联网,教育",15k-30k,朝阳区,"大平台,技术牛,好前景,核心职位",500-2000人,3-5年
Python开发工程师（上海）,本科,上海,不需要融资,平安科技,金融,10k-15k,浦东新区,公司发展前景好，福利待遇好,2000人以上,不限
Python开发工程师,硕士,北京,D轮及以上,爱奇艺,"广告营销,文化娱乐",18k-28k,海淀区,14薪，12天带薪年假，地铁周边,2000人以上,1-3年
Python,本科,北京,C轮,人人行(借贷宝),"移动互联网,金融",15k-25k,朝阳区,九鼎控股；有钱任性；六险一金；福利好,2000人以上,1-3年
高级Python研发工程师,本科,上海,A轮,贝米钱包,金融,15k-30k,徐汇区,"商业保险,年度旅游,带薪年病假,弹性工作",50-150人,3-5年
Python开发工程师,本科,深圳,D轮及以上,极光,"移动互联网,数据服务",10k-20k,南山区,五险一金、14薪/年、下午茶、工作餐等等,150-500人,1-3年
Python中级工程师,不限,北京,B轮,先花花,"移动互联网,金融",15k-20k,海淀区,"大牛云集,高速发展",150-500人,3-5年
Python研发工程师（中高级）,本科,北京,上市公司,掌阅,移动互联网,15k-25k,朝阳区,"管理扁平化,发展机会佳,薪资待遇好",500-2000人,3-5年
搜狗AI云-Python开发工程师,本科,北京,C轮,搜狗,"移动互联网,数据服务",15k-25k,海淀区,人工智能、最前沿技术能力、巨大成长空间,2000人以上,1-3年
高级Python开发工程师,本科,深圳,B轮,晶泰科技,"企业服务,医疗健康",15k-23k,福田区,"大牛多,公司氛围好,周末双休,成长快",50-150人,1-3年
python工程师,本科,北京,C轮,Face++,"移动互联网,硬件",15k-30k,海淀区,平台好；福利多,500-2000人,3-5年
Python开发工程师（高级）,本科,深圳,上市公司,Shopee,电子商务,30k-50k,南山区,东南亚跨境电商平台，发展非常迅速，求大牛,2000人以上,3-5年
Python高级开发工程师,本科,深圳,上市公司,明源云,"移动互联网,企业服务",16k-22k,南山区,技术导向，牛人多，氛围赞，扁平管理,2000人以上,3-5年
高级python开发工程师,本科,深圳,上市公司,Gridsum 国双,"数据服务,企业服务",15k-20k,福田区,大数据上市公司 福利待遇好 发展空间大,500-2000人,3-5年
Python开发工程师,本科,深圳,不需要融资,深信服科技集团,"信息安全,企业服务",10k-20k,南山区,扁平化管理 超多福利,2000人以上,不限
Python开发工程师（中级）,本科,深圳,D轮及以上,极光,"移动互联网,数据服务",10k-15k,南山区,五险一金、14薪/年、下午茶、工作餐等等,150-500人,1-3年
高级Python研发工程师,本科,北京,上市公司,掌阅,移动互联网,25k-35k,朝阳区,"扁平化管理,福利待遇佳,学习氛围好,晋升空间大",500-2000人,3-5年
Python高级开发工程师,本科,上海,D轮及以上,爱奇艺,"广告营销,文化娱乐",20k-30k,长宁区,创新的就业平台,2000人以上,3-5年
高级Python开发工程师,本科,北京,C轮,Face++,"移动互联网,硬件",25k-50k,海淀区,大牛多,500-2000人,3-5年
中级Python工程师,本科,成都,C轮,BBD,"电子商务,数据服务",10k-15k,高新区,"五险一金,技术大牛,大数据,加班补贴",150-500人,3-5年
Python,大专,深圳,不需要融资,武汉佰钧成技术有限公司,移动互联网,10k-18k,南山区,"五险一金,商业保险,带薪年假,年度体检",2000人以上,3-5年
python开发工程师,大专,深圳,不需要融资,博悦科创,移动互联网,7k-14k,南山区,项目好，福利好，有发展前景,500-2000人,1-3年
Python 开发工程师,本科,武汉,B轮,深瞐科技,信息安全、数据服务,8k-12k,东湖新技术开发区,五险一金 定期体检 各种补助,50-150人,1-3年
Python开发工程师,本科,北京,上市公司,360,"移动互联网,游戏",15k-30k,朝阳区,大平台，福利好，成长快,2000人以上,1-3年
HY2-监控系统开发工程师-Python（深圳）,本科,深圳,上市公司,腾讯,"移动互联网 ,游戏",18k-30k,南山区,"五险一金,绩效奖金,带薪休假",2000人以上,3-5年
资深python开发工程师,本科,深圳,上市公司,Gridsum 国双,"数据服务,企业服务",15k-25k,福田区,大数据上市公司 福利待遇好 成长空间大,500-2000人,5-10年
高级Python开发工程师,本科,北京,C轮,果壳网,"移动互联网,社交网络",20k-40k,朝阳区,"八险一金,免费三餐,不加班,弹性工作",150-500人,3-5年
Python软件工程师,本科,北京,上市公司,Veeva,"移动互联网,企业服务",15k-25k,朝阳区,"纽交所上市,云计算,SaaS,股票",500-2000人,1-3年
Python软件开发工程师,本科,深圳,不需要融资,深信服科技集团,"信息安全,企业服务",15k-20k,南山区,"平台大,发展快,待遇好,福利棒",2000人以上,1-3年
Python开发工程师（深圳）,本科,深圳,不需要融资,平安科技,金融,15k-30k,福田区,世界500强，丰厚奖金,2000人以上,3-5年
高级Python开发工程师,本科,深圳,D轮及以上,极光,"移动互联网,数据服务",15k-25k,南山区,五险一金、14薪/年、下午茶、工作餐等等,150-500人,3-5年
Python 高级开发工程师,本科,北京,C轮,Face++,"移动互联网,硬件",20k-40k,海淀区,"人工智能,黑科技,大牛多",500-2000人,3-5年
Python开发工程师,本科,深圳,上市公司,腾讯,"移动互联网 ,游戏",15k-25k,南山区,福利待遇优厚、大平台,2000人以上,3-5年
Python开发工程师,本科,北京,不需要融资,深信服科技集团,"信息安全,企业服务",12k-20k,西城区,中国卓越雇主，扁平管理，有竞争力的薪资,2000人以上,1-3年
Python开发工程师,本科,郑州,B轮,青松,"移动互联网,企业服务",8k-10k,高新区,"五险一金,年度旅游,年度体检,餐补",15-50人,3-5年
高级Python工程师-CD2818,本科,成都,未融资,贝壳金控,金融、移动互联网,15k-25k,高新区,业务发展前景好，团队技术氛围浓厚,500-2000人,3-5年
Python高级研发工程师-度假事业部(J11528),本科,北京,不需要融资,去哪儿网,移动互联网,20k-40k,海淀区,团队氛围融洽，帅哥美女多，年假多，年终奖,2000人以上,3-5年
Python开发工程师,本科,北京,B轮,助理来也,移动互联网,15k-30k,海淀区,"人工智能,弹性工作,扁平管理,技术牛人",50-150人,1-3年
python工程师,大专,武汉,不需要融资,北蚁,"电子商务,移动互联网",8k-10k,东湖新技术开发区,"五险一金,员工旅游,休闲餐点,扁平管理",50-150人,3-5年
Python开发工程师,本科,北京,上市公司,汽车之家,"移动互联网,文化娱乐",15k-25k,海淀区,平台好，发展空间大,2000人以上,3-5年
Python工程师,硕士,北京,天使轮,云游九州,数据服务、企业服务,10k-20k,海淀区,"年度旅游,互联网平台,硬科技,弹性上班时",15-50人,1-3年
python开发工程师,本科,北京,A轮,嘉楠捷思,硬件,15k-20k,海淀区,弹性,150-500人,3-5年
Python开发工程师,本科,北京,B轮,朗播网,教育,20k-40k,海淀区,"出国旅游,免费健身,股票期权,带薪年假",150-500人,5-10年
python工程师,本科,北京,不需要融资,家园网,O2O,15k-25k,东城区,"股票期权,绩效奖金",2000人以上,3-5年
python开发工程师,本科,北京,B轮,老虎证券,"移动互联网,金融",20k-40k,朝阳区,"加班少,福利好",150-500人,1-3年
python工程师,不限,上海,A轮,壤歌,"移动互联网,企业服务",10k-15k,徐汇区,"弹性上班,技术氛围,技术驱动,福利多多",50-150人,1-3年
Python开发工程师,本科,苏州,天使轮,苏州锦佰安,信息安全,12k-24k,工业园区,"人工智能,前景广阔,福利齐全,技术领先",15-50人,3-5年
Python开发工程师,本科,北京,上市公司,影谱科技,"文化娱乐,广告营销",15k-25k,东城区,"上市公司,项目奖金,全额社保,各种补助",50-150人,3-5年
算法工程师（python）,硕士,成都,C轮,BBD,"电子商务,数据服务",8k-16k,高新区,"五险一金,技术大牛,大数据,加班补贴",150-500人,不限
python开发工程师,本科,北京,B轮,途游,"移动互联网,游戏",15k-25k,朝阳区,"施展空间大,季度奖,年终奖",150-500人,3-5年
Python开发工程师,本科,北京,未融资,奇虎360金融,"移动互联网,金融",20k-30k,朝阳区,核心业务，角色重要，成长空间大,500-2000人,3-5年
Python工程师,本科,北京,A轮,开拓天际,"数据服务,信息安全",15k-23k,海淀区,"领导好,福利好,团队优秀",50-150人,3-5年
Python工程师,不限,长沙,不需要融资,辰运软件,移动互联网,10k-15k,岳麓区,"五险一金,年底双薪,交通补助,餐补",150-500人,不限
Python 开发工程师,本科,武汉,B轮,深瞐科技,信息安全、数据服务,8k-12k,东湖新技术开发区,五险一金，带薪年假，补贴,50-150人,1-3年
python工程师,本科,深圳,B轮,笨鸟社交,企业服务,20k-40k,南山区,海量数据,150-500人,1-3年
Python开发工程师,大专,郑州,未融资,郑州创恒实业有限公司,移动互联网,5k-10k,金水区,"周末双休,年底双薪,全勤奖,外出旅游",150-500人,1-3年
python开发工程师,本科,北京,C轮,会分期,移动互联网、金融,15k-30k,海淀区,"股票期权,弹性工作制,行业龙头,地铁周边",150-500人,3-5年
Python,本科,北京,上市公司,Veeva,"移动互联网,企业服务",25k-35k,朝阳区,"纽交所上市,云计算,SaaS,生命科学",500-2000人,3-5年
Python,本科,北京,B轮,省钱快报,"移动互联网,电子商务",15k-30k,东城区,海量数据、氛围轻松、项目奖金,50-150人,1-3年
Python开发工程师,本科,上海,不需要融资,上海华瑞银行,金融,20k-40k,浦东新区,"六险两金,年度体检,绩效奖金,渠道晋升",150-500人,3-5年
Python开发工程师,本科,北京,A轮,摩尔妈妈,移动互联网,30k-50k,朝阳区,"高薪,氛围轻松,成长空间大,背景好",15-50人,3-5年
Python Web开发工程师,大专,北京,C轮,洋葱数学,"移动互联网,教育",10k-20k,朝阳区,"年假15天,免费早午餐,弹性工作制,极客范儿",150-500人,1-3年
Python开发工程师,本科,北京,D轮及以上,知乎,"移动互联网,社交网络",15k-30k,海淀区,薪资优厚、氛围宽松、每日三餐、六险一金,500-2000人,3-5年
Python工程师,本科,北京,A轮,爱咔咔,"移动互联网,O2O",15k-30k,海淀区,"北大团队,五百强大牛,期权奖励,专业培训",15-50人,3-5年
Python开发工程师（百度）,本科,北京,不需要融资,微创,"移动互联网,电子商务",10k-15k,海淀区,"六险一金,节假日福利,加班费,食堂班车",2000人以上,1-3年
python开发工程师,本科,北京,C轮,一亩田,"移动互联网,电子商务",20k-36k,海淀区,"临近地铁,大牛团队,六险一金,年终奖",150-500人,3-5年
Python研发工程师,本科,北京,不需要融资,格上添富,"移动互联网,金融",13k-25k,朝阳区,弹性工作，扁平化管理，零食水果,150-500人,3-5年
python开发工程师,本科,北京,A轮,猎户星空,"移动互联网,硬件",15k-30k,朝阳区,绩效奖金 午餐补助 年度旅游 人工智能领域,150-500人,不限
Python开发,大专,厦门,A轮,咕啦,电子商务,6k-10k,思明区,"五险一金,调薪调岗,福利待遇优,周末双休",150-500人,1-3年
搜狗海外输入法-Python高级开发工程师,本科,北京,C轮,搜狗,"移动互联网,数据服务",20k-40k,海淀区,快速成长，感受全球氛围,2000人以上,3-5年
python工程师,本科,成都,不需要融资,网信集团,"移动互联网,金融",10k-20k,高新区,"六险一金,年终奖,项目奖金,下午茶",2000人以上,3-5年
Python研发工程师（北京）,本科,北京,上市公司,Gridsum 国双,"数据服务,企业服务",10k-20k,海淀区,上市公司 前景佳 氛围好 牛人多,500-2000人,1-3年
Python软件开发,本科,杭州,不需要融资,健培,"移动互联网,医疗健康",10k-15k,江干区,高薪、五险一金、氛围好,150-500人,1-3年
python开发工程师,本科,深圳,A轮,Bello,移动互联网,15k-30k,南山区,"硅谷技术,AI领域",15-50人,3-5年
Python 开发工程师,本科,北京,上市公司,金证股份,金融,15k-17k,西城区,"金融央企,五险一金",2000人以上,3-5年
Python开发工程师(193),不限,上海,B轮,助理来也,移动互联网,15k-30k,徐汇区,"pytho,技术驱动",50-150人,不限
Python工程师,本科,北京,B轮,新东方教育行业研究院,"移动互联网,教育",15k-25k,海淀区,"大牛多,平台好,待遇好,流程规范",150-500人,3-5年
Python开发工程师,本科,北京,A轮,合心科技,"移动互联网,教育",20k-35k,海淀区,"大数据处理,自由度大,有挑战,公司午晚餐",15-50人,1-3年
高级Python,本科,北京,C轮,人人行(借贷宝),"移动互联网,金融",25k-35k,朝阳区,九鼎控股；有钱任性；六险一金；福利好,2000人以上,3-5年
Python,本科,北京,不需要融资,零用钱,"移动互联网,广告营销",13k-16k,朝阳区,"一日四餐,六险一金,季度奖金,年度奖金",50-150人,1-3年
python开发工程师,不限,杭州,不需要融资,健培,"移动互联网,医疗健康",6k-10k,江干区,"双休,五险,工作8小时,法定节假日",150-500人,1-3年
Python研发工程师（应届毕业生/实习生）,本科,北京,上市公司,掌阅,移动互联网,8k-15k,朝阳区,"一带一,实践机会,成长空间大",500-2000人,不限
python开发工程师,大专,杭州,不需要融资,武汉佰钧成技术有限公司,移动互联网,11k-20k,余杭区,"周末双休,六险一金,技术提升",2000人以上,1-3年
Python工程师,本科,北京,A轮,摩尔妈妈,移动互联网,15k-30k,朝阳区,"氛围轻松,成长空间大,有成就感",15-50人,1-3年
python研发工程师,硕士,北京,B轮,数美,"企业服务,数据服务",15k-30k,朝阳区,"飞速发展,技术氛围浓,待遇好,发展快",150-500人,1年以下
Python开发工程师,本科,武汉,A轮,阿博茨科技,移动互联网,10k-20k,洪山区,"人工智能,大数据,金融科技",50-150人,3-5年
python工程师,本科,北京,B轮,好巧,数据服务,15k-20k,朝阳区,"带薪年假,五险一金,弹性工作,股票期权",150-500人,3-5年
Python开发工程师,本科,上海,B轮,纳米盒,"移动互联网,教育",15k-25k,浦东新区,发展前景大、工作氛围好、技术牛人多,50-150人,3-5年
python工程师,大专,上海,不需要融资,江苏亿科达,"移动互联网,金融",8k-15k,浦东新区,"年终奖,过节费,旅游,体检",500-2000人,1-3年
Python开发工程师,不限,北京,B轮,罗辑思维,"移动互联网,文化娱乐",15k-30k,朝阳区,"六险一金,大咖云集",150-500人,不限
python开发,大专,杭州,不需要融资,武汉佰钧成技术有限公司,移动互联网,10k-20k,西湖区,"项目大,平台优,技术新,发展好",2000人以上,3-5年
Python工程师,本科,厦门,B轮,笨鸟社交,企业服务,8k-15k,思明区,"高新企业,牛人多,扁平化,五险一金",150-500人,3-5年
Python开发工程师,本科,深圳,上市公司,有鱼智能科技,"移动互联网,金融",10k-20k,福田区,"上市公司,弹性工作制,大牛多,发展空间大",150-500人,1-3年
高级Python工程师,本科,北京,D轮及以上,马蜂窝,"移动互联网,旅游",15k-25k,朝阳区,团队氛围好 平台发展快 数据体系大,500-2000人,3-5年
Python开发工程师,本科,北京,上市公司,联想集团,"移动互联网,数据服务",20k-40k,海淀区,"发展空间大,技术氛围好",2000人以上,5-10年
量化平台研发工程师-python,本科,广州,不需要融资,经传多赢,"移动互联网,金融",12k-24k,番禺区,"技术大牛多,扁平管理,快速兑现",2000人以上,3-5年
Python开发工程师,本科,深圳,上市公司,500.com集团,"移动互联网,电子商务",15k-25k,南山区,氛围轻松,150-500人,3-5年
高级Python开发工程师,大专,北京,C轮,人人行(借贷宝),"移动互联网,金融",25k-40k,朝阳区,"九鼎集团,福利完善,团队大咖",2000人以上,3-5年
Python开发工程师,大专,上海,不需要融资,趣头条,移动互联网,20k-35k,浦东新区,"平均15薪,餐补,六险一金",500-2000人,3-5年
python工程师,本科,北京,A轮,蛋壳公寓,O2O,15k-30k,东城区,领导nice，发展空间大，六险一金,500-2000人,3-5年
Python开发工程师,本科,北京,A轮,摩尔妈妈,移动互联网,20k-40k,朝阳区,"高薪,氛围轻松,环境优越",15-50人,1-3年
Python开发工程师,本科,上海,D轮及以上,华云数据,"移动互联网,数据服务",18k-28k,杨浦区,绩效奖金 年终奖金 交通补贴 餐饮补贴,500-2000人,3-5年
Python 工程师,本科,上海,A轮,果雪科技,移动互联网,15k-30k,闵行区,"技术牛,福利好,氛围好,老板牛",50-150人,3-5年
高级爬虫工程师/python开发,大专,长沙,A轮,连载阅读,"移动互联网,电子商务",10k-15k,岳麓区,"优秀团队,区块链",15-50人,3-5年
Python开发,本科,深圳,C轮,航仕科技,"移动互联网,O2O",20k-35k,南山区,BAT的薪资福利待遇，更有技术大牛传授技术,150-500人,3-5年
Python开发工程师,本科,广州,不需要融资,武汉佰钧成技术有限公司,移动互联网,8k-13k,天河区,"上市外企,弹性工作,大数据,云平台",2000人以上,1-3年
python工程师,本科,深圳,A轮,Minieye,"硬件,其他",15k-30k,南山区,"无人驾驶,车厂合作,扁平化管理,股票期权",50-150人,1-3年
python工程师,本科,上海,上市公司,拍拍贷,金融,12k-24k,浦东新区,晋升空间大、福利好,2000人以上,3-5年
Python开发工程师,本科,北京,B轮,缔联科技,企业服务,10k-20k,海淀区,"周末双休,法定节假日,六险一金,年底双薪",15-50人,3-5年
高级工程师-Python,本科,北京,上市公司,Veeva,"移动互联网,企业服务",25k-35k,朝阳区,"纽交所上市,SaaS,生命科学,CRM",500-2000人,5-10年
Python系统开发工程师,本科,北京,B轮,聚宽 JoinQuant,"金融,数据服务",15k-30k,朝阳区,"六险一金,灵活工作制,技术分享,晋升渠道",50-150人,1-3年
Python开发,本科,北京,B轮,罗辑思维,"移动互联网,文化娱乐",15k-30k,朝阳区,"六险一金,年度体检,弹性工作,大咖云集",150-500人,1-3年
Python工程师,本科,广州,不需要融资,广州荔枝网络有限公司,"移动互联网,文化娱乐",5k-10k,越秀区,"互联网大牛,年轻团队,福利优厚,发展前景好",150-500人,1-3年
Python软件开发工程师,本科,上海,不需要融资,坤亿科技,"电子商务,企业服务",15k-18k,浦东新区,"五险一金,周末双休,弹性工作,绩效奖金",50-150人,3-5年
Python,本科,上海,A轮,亿可能源,"移动互联网,数据服务",15k-30k,杨浦区,技术大牛,15-50人,3-5年
Python开发工程师,大专,广州,A轮,AI考拉,金融,10k-16k,海珠区,股票期权 发展空间大 福利待遇好 周末双休,50-150人,1-3年
Python开发工程师,本科,北京,A轮,猎户星空,"移动互联网,硬件",18k-35k,朝阳区,牛人云集，优质福利,150-500人,3-5年
python开发工程师,本科,北京,未融资,东信北邮,"移动互联网,其他",10k-15k,海淀区,"五险一金,年终奖,绩效奖,假期多",500-2000人,1-3年
Python工程师,本科,广州,上市公司,有米科技,"移动互联网,广告营销",15k-25k,番禺区,"六险一金,年度旅游,项目奖金",500-2000人,1-3年
Python研发工程师,本科,北京,上市公司,宜信,金融,25k-40k,朝阳区,"发展空间大,技术氛围好,薪资福利好,带薪年假",2000人以上,5-10年
python工程师,本科,上海,上市公司,拍拍贷,金融,12k-24k,浦东新区,晋升空间大、福利好,2000人以上,3-5年
Python工程师,大专,杭州,不需要融资,武汉佰钧成技术有限公司,移动互联网,10k-18k,余杭区,"云平台,大平台,牛人,新技术",2000人以上,1-3年
python,本科,北京,不需要融资,思源科技,"移动互联网,社交网络",20k-30k,朝阳区,"云,大数据,AI",2000人以上,5-10年
Python开发工程师,本科,北京,B轮,Yi+,移动互联网,15k-30k,海淀区,"绩效奖金,弹性工作,技术大牛,晋升空间",50-150人,3-5年
Python高级开发工程师,本科,上海,D轮及以上,爱奇艺,"广告营销,文化娱乐",15k-30k,长宁区,发展前景好,2000人以上,不限
Python 研发工程师,本科,深圳,A轮,实验楼,"教育,数据服务",8k-16k,南山区,"技术氛围,在线教育,最新技术",15-50人,1-3年
Python开发工程师（微软）,本科,北京,不需要融资,微创,"移动互联网,电子商务",10k-15k,海淀区,"六险一金,带薪病假,节假日福利,技术氛围浓",2000人以上,3-5年
python开发工程师,本科,北京,C轮,今日头条,"移动互联网,数据服务",20k-35k,海淀区,六险一金，高薪期权，弹性工作，免费三餐，租房补贴，休闲下午茶，扁平管理，团队氛围好，优厚薪资,2000人以上,1-3年
Python开发工程师,本科,北京,C轮,智融集团,金融,20k-40k,海淀区,"文化开放,弹性不打卡,发展快速,上升空间",150-500人,3-5年
Python,本科,深圳,A轮,乐易网络,"移动互联网,游戏",15k-30k,南山区,"海外手游,鹅厂大神,高配团队",150-500人,3-5年
Python工程师,本科,深圳,A轮,一面数据,"移动互联网,数据服务",10k-20k,南山区,"五险一金,年度旅游,年度体检,生日会",15-50人,1-3年
python开发工程师,本科,西安,上市公司,绿盟科技,信息安全,8k-10k,雁塔区,五险一金；弹性工作；餐补；定期体检,500-2000人,3-5年
python开发工程师,本科,北京,B轮,下厨房,移动互联网,12k-24k,海淀区,"发展前景好,免费午餐,带薪年假多,弹性工作时",50-150人,不限
Python工程师,大专,深圳,A轮,天方达健信科技,移动互联网,6k-12k,罗湖区,"周末双休,五险一金,年终奖金,节日福利",150-500人,1-3年
python开发工程师,大专,上海,不需要融资,紫川软件,"电子商务,金融",12k-19k,浦东新区,员工旅游 员工体检 五险一金,500-2000人,3-5年
python开发工程师,本科,北京,B轮,老虎证券,"移动互联网,金融",20k-40k,朝阳区,"带薪年假,六险一金,期权股票,大牛多多",150-500人,1-3年
Python,本科,北京,C轮,春雨移动健康,移动互联网,20k-40k,海淀区,有挑战，自主加薪，技术氛围好,150-500人,3-5年
python工程师,本科,上海,D轮及以上,爱回收,"电子商务,O2O",15k-25k,杨浦区,"团队大牛,期权激励,D轮公司,行业独角兽",500-2000人,3-5年
Python（极验验证）,不限,武汉,B轮,极验,"信息安全,数据服务",9k-18k,东湖新技术开发区,双休+弹性工作制+五险一金+餐补,50-150人,3-5年
Python,大专,武汉,A轮,榆钱金融,金融,10k-20k,武昌区,"弹性工作,氛围好,福利好,前景好",150-500人,1-3年
Python 算法工程师,本科,深圳,B轮,晶泰科技,"企业服务,医疗健康",18k-30k,福田区,"技术成长快,公司前景好,领导好",50-150人,3-5年
Python开发,本科,深圳,上市公司,金证股份,金融,9k-16k,福田区,"上市公司,大型项目,年度调薪,薪资福利好",2000人以上,1-3年
Python开发工程师,大专,深圳,上市公司,众禄基金,"移动互联网,金融",18k-25k,罗湖区,"团队氛围,高速发展,互联网金融,五险一金",150-500人,3-5年
Python工程师,大专,深圳,A轮,柚子街,"移动互联网,O2O",10k-15k,南山区,"业界前沿,业绩激励,弹性办公,大牛多",15-50人,1-3年
Python开发工程师,本科,深圳,A轮,达观数据,移动互联网,8k-10k,南山区,"六险一金,12天年假,专业培训,技术提升",50-150人,1-3年
Python研发工程师,本科,北京,天使轮,江山如画网络科技,"移动互联网,社交网络",5k-10k,海淀区,管吃管住、顶级投资、原始股权奖励,少于15人,1-3年
python开发高级工程师,本科,北京,上市公司,阿里巴巴—高德,移动互联网,15k-30k,朝阳区,阿里福利~,2000人以上,3-5年
后端python工程师,本科,上海,D轮及以上,达达-京东到家,O2O,15k-25k,浦东新区,平台稳定，团队快速发展,2000人以上,1-3年
极光调研 - 高级 Python 工程师,本科,深圳,D轮及以上,极光,"移动互联网,数据服务",18k-35k,南山区,"D轮+,14薪+,攻城狮氛围,牛掰团队",150-500人,3-5年
Python 开发工程师,本科,北京,C轮,奇点汽车,"移动互联网,硬件",15k-20k,朝阳区,五险一金 带薪年假 午餐补助 扁平管理,150-500人,3-5年
python开发工程师,大专,深圳,不需要融资,武汉佰钧成技术有限公司,移动互联网,10k-17k,南山区,"仿真模型,六险一金,节日福利,法定假期",2000人以上,3-5年
Python后端开发工程师,本科,北京,B轮,CastBox,"移动互联网,文化娱乐",20k-40k,朝阳区,"弹性工作,五险一金,福利待遇,股票期权",15-50人,3-5年
Python软件开发工程师,本科,上海,不需要融资,瞬联软件科技（北京）有限公司,"移动互联网 ,企业服务",10k-15k,长宁区,"五险一金,带薪年假,弹性工作,氛围自由",500-2000人,1-3年
python开发工程师,本科,北京,C轮,今日头条,"移动互联网,数据服务",25k-50k,海淀区,六险一金，高薪期权，弹性工作，免费三餐，租房补贴，休闲下午茶，扁平管理，团队氛围好，优厚薪资,2000人以上,3-5年
python开发工程师,大专,南阳,A轮,奇观技术,"移动互联网,数据服务",3k-6k,宛城区,理工科专业,50-150人,1-3年
python开发工程师,本科,北京,B轮,一览科技,"移动互联网,文化娱乐",20k-40k,朝阳区,福利优厚,150-500人,3-5年
Python中级工程师,本科,廊坊,A轮,ZingFront智线,"移动互联网,数据服务",8k-10k,广阳区,"五险一金,带薪年假,技术成长,晋升空间大",50-150人,1-3年
python研发工程师,本科,北京,B轮,数美,"企业服务,数据服务",15k-30k,朝阳区,"飞速发展,发展快,海量数据",150-500人,1-3年
Python开发工程师,大专,杭州,不需要融资,牛盾网络,"信息安全,移动互联网",8k-16k,余杭区,"六险一金,周末双休,员工旅游",15-50人,1-3年
Python,本科,深圳,A轮,糗事百科,移动互联网,15k-30k,南山区,老司机来开车,50-150人,3-5年
高级Python开发工程师,本科,大连,上市公司,Veeva,"移动互联网,企业服务",16k-25k,沙河口区,"纽交所上市,云计算,SaaS,股票",500-2000人,5-10年
python开发工程师,本科,上海,B轮,MXCHIP,硬件,15k-18k,普陀区,发展空间大,150-500人,1-3年
Python研发工程师,本科,北京,上市公司,京东金融,金融,25k-50k,大兴区,餐补+年终奖+良好的晋升空间,2000人以上,5-10年
python工程师,大专,大连,B轮,推想科技,"医疗健康,数据服务",6k-12k,中山区,"人工智能,快速成长,弹性工作,年终奖丰厚",50-150人,1年以下
Python,大专,深圳,未融资,515游戏,游戏,15k-25k,南山区,"国内外旅游,五险一金,任性下午茶,年终奖金",15-50人,3-5年
Python 研发工程师,本科,北京,C轮,今日头条,"移动互联网,数据服务",25k-45k,海淀区,六险一金，高薪期权，弹性工作，免费三餐，租房补贴，带薪休假，扁平管理，职业大牛，晋升空间,2000人以上,3-5年
Python开发,本科,广州,不需要融资,武汉佰钧成技术有限公司,移动互联网,12k-24k,天河区,"五险一金,弹性上下班,年度体检,加班少",2000人以上,1-3年
Python工程师,本科,杭州,天使轮,TELETRAAN,"数据服务,企业服务",15k-30k,滨江区,"弹性工作,硅谷团队,股权激励,全正版软件",15-50人,3-5年
python工程师,本科,深圳,不需要融资,紫川软件,"电子商务,金融",8k-14k,福田区,周末双休 免费体检 员工旅游 五险一金,500-2000人,1-3年
Python开发工程师,本科,深圳,B轮,回收宝,"移动互联网,电子商务",15k-22k,南山区,"腾讯系团队,大牛导师多,发展前景广,薪资待遇好",150-500人,3-5年
Python开发工程师,本科,北京,B轮,学堂在线,"移动互联网,教育",15k-25k,海淀区,股票期权，五险一金，交补餐补，零食水果,150-500人,3-5年
Python,本科,深圳,B轮,花果山,电子商务,5k-8k,南山区,年轻富有活力的团队，稳步发展的创业公司。,150-500人,1-3年
Python中级工程师,本科,廊坊,A轮,ZingFront智线,"移动互联网,数据服务",8k-15k,广阳区,"五险一金,补充医疗险,房租补贴,带薪年假",50-150人,1-3年
python开发工程师,本科,北京,天使轮,江山如画网络科技,"移动互联网,社交网络",8k-16k,海淀区,"提供住宿,一日三餐,晋升空间,紫牛基金投",少于15人,1-3年
PYTHON研发工程师,本科,北京,上市公司,麦达数字,"企业服务,数据服务",25k-35k,朝阳区,"上市公司,五险一金,薪酬福利好,发展空间大",500-2000人,3-5年
python工程师,本科,上海,C轮,上海青客,"移动互联网,O2O",15k-25k,徐汇区,年终奖，加班补贴，工作环境,500-2000人,3-5年
python开发工程师,本科,北京,未融资,创新工场AI工程院,移动互联网,15k-30k,海淀区,"谷歌大牛,商业资源,成长空间大,人工智能",50-150人,1-3年
Python开发工程师,本科,北京,B轮,优识云创,移动互联网,15k-25k,海淀区,"14薪,五险一金,地铁周边,扁平化管理",50-150人,3-5年
Python开发工程师,本科,北京,C轮,玖富集团,金融,20k-35k,朝阳区,"六险一金,年终奖金,带薪年假,晋升空间大",2000人以上,不限
高级Python开发工程师,本科,北京,A轮,弥财,金融,20k-40k,朝阳区,"金融科技,行业先驱,技术大牛,优秀同事",15-50人,5-10年
Python开发工程师,大专,杭州,不需要融资,武汉佰钧成技术有限公司,移动互联网,9k-14k,余杭区,"纯纯技术团,魅力领导,带薪年假,周末双休",2000人以上,1-3年
Python,大专,深圳,未融资,博奥特科技,"移动互联网,金融",10k-20k,福田区,"行业前景好,发展空间大",150-500人,1-3年
Python高级开发工程师,大专,武汉,不需要融资,北蚁,"电子商务,移动互联网",10k-15k,东湖新技术开发区,"五险一金,绩效奖金,休闲餐点",50-150人,5-10年
Python开发,本科,深圳,不需要融资,博悦科创,移动互联网,9k-18k,福田区,项目好，福利好发展好,500-2000人,1-3年
python开发工程师,本科,上海,不需要融资,华钦科技,"金融,招聘",20k-35k,浦东新区,"知名外资,弹性工作",500-2000人,5-10年
中级python工程师,本科,北京,不需要融资,家园网,O2O,15k-25k,东城区,绩效奖金 股票期权 14薪,2000人以上,3-5年
Python研发工程师,本科,上海,A轮,DAOCLOUD,"企业服务,数据服务",15k-30k,杨浦区,"15天年假,技术大牛,年终多薪,豪华团队",150-500人,3-5年
Python开发,本科,上海,B轮,问卷网@爱调研,移动互联网,12k-24k,徐汇区,"五险一金,季度旅游,生日会,带薪年假",150-500人,3-5年
python开发工程师,本科,北京,上市公司,联想集团,"移动互联网,数据服务",13k-20k,海淀区,大平台，发展前景好,2000人以上,3-5年
python开发工程师,大专,深圳,B轮,掌贝（云移科技）,"移动互联网,O2O",12k-18k,福田区,五险一金 定期培训 年度体检 生日福利,500-2000人,3-5年
Python后端工程师,本科,北京,C轮,Face++,"移动互联网,硬件",25k-50k,海淀区,大牛多,500-2000人,3-5年
Python开发工程师,本科,深圳,A轮,杉岩数据,"企业服务,数据服务",10k-16k,南山区,"扁平化管理,发展空间大,产品有竞争,氛围融洽",15-50人,1-3年
Python后台开发,本科,北京,B轮,晶泰科技,"企业服务,医疗健康",10k-18k,海淀区,"工作居住证,五险一金,带薪年假,MIT大牛",50-150人,1-3年
Python开发工程师,大专,广州,上市公司,广州玖维信息科技有限公司,"移动互联网,数据服务",3k-5k,海珠区,"周末双休,五险一金,节日福利,房补餐补",150-500人,1年以下
Python软件开发工程师,本科,上海,B轮,阿基米德fm,"移动互联网,电子商务",15k-22k,长宁区,五险一金、补充公积金、13薪、饭贴,50-150人,1-3年
Python工程师,大专,深圳,A轮,柚子街,"移动互联网,O2O",8k-12k,南山区,"业界前沿,业绩激励,免费饮料,弹性工作",15-50人,1年以下
Python工程师,本科,北京,B轮,学堂在线,"移动互联网,教育",15k-25k,海淀区,来吧，与技术大牛过招吧！,150-500人,1-3年
高级Python开发工程师,本科,北京,上市公司,Veeva,"移动互联网,企业服务",35k-45k,朝阳区,"纽交所上市,云计算,SaaS,股票",500-2000人,5-10年
Python开发师,本科,上海,B轮,问卷网@爱调研,移动互联网,12k-24k,徐汇区,"五险一金,季度旅游,节日福利,带薪年假",150-500人,3-5年
Python开发工程师,大专,杭州,不需要融资,武汉佰钧成技术有限公司,移动互联网,11K-22K,西湖区,"平台好,技术新,大牛多",2000人以上,1-3年
Python开发工程师,本科,上海,B轮,信用飞/首付游,移动互联网,15k-25k,徐汇区,"年轻团队,扁平管理,弹性工作,简单透明",50-150人,1-3年
Python工程师,大专,广州,上市公司,广州玖维信息科技有限公司,"移动互联网,数据服务",3k-5k,海珠区,"周末双休,五险一金,节日福利,房补餐补",150-500人,1年以下
Python高级开发工程师,大专,武汉,不需要融资,北蚁,"电子商务,移动互联网",10k-15k,东湖新技术开发区,"五险一金,休闲餐点,员工聚餐",50-150人,5-10年
python,本科,北京,C轮,The ONE,"硬件,教育",20k-30k,朝阳区,"免费午晚餐,五险一金,交补,年终奖",150-500人,3-5年
python工程师,本科,上海,C轮,上海青客,"移动互联网,O2O",15k-25k,徐汇区,办公环境，年终奖，晋升,500-2000人,3-5年
Python开发工程师,本科,北京,B轮,瓜子二手车直卖网,O2O,20k-40k,海淀区,最高19薪 独角兽公司 学习型团队,2000人以上,3-5年
Python开发工程师,本科,北京,不需要融资,iHandy,"移动互联网,社交网络",10k-20k,海淀区,"硅谷氛围,高手如云,零食水果",150-500人,1-3年
Python 开发工程师,本科,上海,B轮,竹间智能科技(上海)有限公司,"移动互联网,其他",20k以上,徐汇区,发展空间大 期权激励 弹性工作,150-500人,不限
Python开发工程师,本科,北京,未融资,北京神黄科技股份有限公司,"医疗健康,移动互联网",15k-30k,东城区,五险工作居住证年终奖带薪假团建培训交补,50-150人,1-3年
Python开发工程师,大专,深圳,未融资,新炬网络,"移动互联网,数据服务",10k-15k,福田区,"平台大,发展前景好,五险一金,资深团队",500-2000人,1-3年
Software Engineer -Python,本科,北京,上市公司,Veeva,"移动互联网,企业服务",25k-35k,朝阳区,"纽交所上市,云计算,SaaS,生命科学",500-2000人,3-5年
Python开发工程师,本科,上海,A轮,谷露软件,"数据服务,招聘",13k-25k,黄浦区,"工程师文化,年轻,大牛,爽",50-150人,不限
python工程师,大专,武汉,B轮,推想科技,"医疗健康,数据服务",6k-12k,硚口区,"人工智能,快速成长,弹性工时,年终奖丰厚",50-150人,1年以下
Python工程师,本科,深圳,不需要融资,江苏亿科达,"移动互联网,金融",10k-20k,福田区,"大平台,交通便利,环境优美,福利待遇好",500-2000人,1-3年
Python开发工程师,本科,上海,不需要融资,趣头条,移动互联网,15k-30k,浦东新区,发展空间,500-2000人,5-10年
python中级开发工程师,大专,长沙,A轮,楼盘网,"移动互联网,电子商务",6k-10k,天心区,"互联网行业,朝九晚五,2次加薪,五险",150-500人,1-3年
Python Web开发工程师,大专,北京,C轮,洋葱数学,"移动互联网,教育",10k-20k,朝阳区,"年假15天,免费早午餐,弹性工作制,极客范儿",150-500人,1-3年
Python,本科,北京,B轮,省钱快报,"移动互联网,电子商务",15k-30k,东城区,海量数据、氛围轻松、项目奖金,50-150人,1-3年
Linux C++/Python开发工程师,大专,北京,B轮,好巧,数据服务,15k-20k,朝阳区,"双休,高速发展,扁平管理,五险一金",150-500人,3-5年
资深Python开发工程师（北京）,本科,北京,上市公司,Gridsum 国双,"数据服务,企业服务",20k-30k,海淀区,上市公司 前景佳 氛围好 牛人多,500-2000人,3-5年
Python,本科,成都,不需要融资,捷云智慧,移动互联网,8k-12k,高新区,"绩效奖金,带薪年假",15-50人,1-3年
Python,本科,北京,B轮,瓜子二手车直卖网,O2O,20k-30k,,核心项目 BI方向 等你来挑战,2000人以上,1-3年
Python开发工程师[亦庄],本科,北京,不需要融资,天润融通,"企业服务,数据服务",15k-30k,大兴区,"AI,机器学习",150-500人,不限
Python开发工程师,大专,深圳,A轮,奥飞游戏深圳分公司,游戏,8k-12k,南山区,"靠谱团队,项目给力,福利多多",150-500人,1-3年
python工程师,不限,贵阳,未融资,贵州电商云,"电子商务,数据服务",10k-15k,观山湖区（金阳新区）,"五险一金,餐补",50-150人,不限
高级Python开发工程师,本科,北京,上市公司,Veeva,"移动互联网,企业服务",25k-35k,朝阳区,"纽交所上市,云计算,SaaS,生命科学",500-2000人,5-10年
python工程师,不限,贵阳,未融资,贵州电商云,"电子商务,数据服务",10k-15k,观山湖区（金阳新区）,"五险一金,餐补",50-150人,不限
Python后端工程师,本科,北京,C轮,果壳网,"移动互联网,社交网络",10k-20k,朝阳区,成长空间 五险一金 补充医疗 包三餐,150-500人,不限
高级Python开发工程师,本科,北京,不需要融资,NewsJet,移动互联网,25k-45k,海淀区,"Geek范,清华系,福利待遇好,股票期权",50-150人,3-5年
资深python开发工程师,本科,上海,A轮,1Token.Trade,"移动互联网,金融",25k-35k,杨浦区,"时间自由,技术先进,区块链,一年多薪",15-50人,3-5年
Python,本科,深圳,A轮,乐易网络,"移动互联网,游戏",15k-30k,南山区,"海外手游,高配团队,两次调薪,年终奖",150-500人,3-5年
中级PYTHON开发工程师,大专,深圳,未融资,博奥特科技,"移动互联网,金融",22k-25k,福田区,"提升空间大,行业前景广,金融行业",150-500人,5-10年
python开发工程师(东莞),大专,东莞,不需要融资,泽林信息,教育,5k-8k,东莞市市辖区,"五险一金,弹性工作,办公环境好,年底双薪",500-2000人,1-3年
Python 开发工程师,本科,深圳,上市公司,贝尔机器人,其他,15k-30k,南山区,"发展晋升,项目奖多,内部培训,福利津贴",500-2000人,3-5年
Python开发工程师,本科,北京,C轮,今日头条,"移动互联网,数据服务",20k-35k,海淀区,六险一金，弹性工作，免费三餐，租房补贴，带薪休假，休闲下午茶，扁平管理，健身瑜伽，过亿用户，职业大牛，晋升空间，团队氛围好，优厚薪资,2000人以上,1-3年
Python工程师,本科,北京,D轮及以上,好大夫在线,医疗健康,18k-35k,朝阳区,"大公司,大平台,机会多,六险一金",500-2000人,不限
Python开发工程师,本科,北京,A轮,人人贷,金融,8k-16k,海淀区,"团队好,技术氛围浓",500-2000人,1-3年
python开发工程师,本科,西安,上市公司,绿盟科技,信息安全,9k-15k,雁塔区,五险一金；弹性工作；餐补；定期体检,500-2000人,1-3年
Python开发工程师-base北京,不限,北京,上市公司,游族网络,"移动互联网,游戏",12k-18k,东城区,福利好、待遇好、上市公司,500-2000人,3-5年
Python工程师,本科,北京,天使轮,企鹅创新,"硬件,移动互联网",25k-35k,朝阳区,"Djang,主流Web,数据库",15-50人,1-3年
高级Python开发工程师,本科,大连,上市公司,Veeva,"移动互联网,企业服务",16k-25k,沙河口区,"纽交所上市,云计算,SaaS,股票",500-2000人,5-10年
python 开发工程师,本科,上海,A轮,1Token.Trade,"移动互联网,金融",10k-20k,杨浦区,"时间自由,技术先进,区块链",15-50人,1-3年
资深python研发工程师（深圳）,本科,深圳,上市公司,Gridsum 国双,"数据服务,企业服务",15k-25k,福田区,弹性工作制 上市公司 氛围好 空间大,500-2000人,3-5年
python开发工程师,本科,武汉,未融资,武汉安天,移动互联网,7k-13k,武昌区,"弹性工作,试用不打折,员工旅游,周末双休",150-500人,1-3年
python研发工程师,本科,成都,A轮,链商,"移动互联网,电子商务",8k-15k,高新区,"带薪年假,零食无限,福利多多,美女如云",150-500人,1-3年
python开发工程师,大专,深圳,不需要融资,江苏亿科达,"移动互联网,金融",10k-20k,福田区,"双休,过节费,年度体检,旅游",500-2000人,3-5年
Python 开发工程师,本科,杭州,C轮,Club Factory,"电子商务,移动互联网",15k-20k,西湖区,"高并发,高流量,技术成长快,世界级产品",150-500人,1-3年
Python工程师,本科,北京,A轮,掌控,"移动互联网,电子商务",8k-15k,海淀区,"补充医疗,出国旅游,带薪年假,绩效奖金",15-50人,1-3年
Python工程师,本科,上海,A轮,谷露软件,"数据服务,招聘",15k-25k,黄浦区,"工程师文化,大牛,高薪",50-150人,1-3年
Python工程师,本科,广州,不需要融资,武汉佰钧成技术有限公司,移动互联网,10k-15k,天河区,"弹性上下班,六险一金,周末双休",2000人以上,不限
Python开发工程师,本科,北京,上市公司,东方国信,数据服务,18k-25k,朝阳区,"公司前景好,优秀团队,带薪年假",2000人以上,5-10年
Python开发工程师,本科,深圳,上市公司,众禄基金,"移动互联网,金融",18k-25k,罗湖区,"新三板挂牌,团队氛围,金融中心",150-500人,1-3年
Python 开发工程师,大专,成都,不需要融资,NEXA,"移动互联网,游戏",8k-15k,锦江区,"五险一金,带薪年假,年度体检,各种补贴",150-500人,3-5年
Python开发工程师,本科,北京,B轮,多点Dmall,"电子商务,O2O",10k-20k,海淀区,"平台大,福利好,氛围好,互联网电商",500-2000人,3-5年
中级python工程师,本科,北京,不需要融资,家园网,O2O,15k-25k,东城区,"股票期权,绩效奖金",2000人以上,3-5年
高级python工程师,本科,北京,不需要融资,家园网,O2O,18k-30k,东城区,"股票期权,绩效奖金",2000人以上,5-10年
Python资深开发,本科,上海,B轮,问卷网@爱调研,移动互联网,12k-24k,徐汇区,"带薪年假,股票期权,下午茶,季度旅游",150-500人,3-5年
Python高级开发工程师,本科,北京,B轮,微车,"移动互联网,O2O",20k-30k,海淀区,一日三餐、带薪年假、弹性工作、六险一金,150-500人,3-5年
高级python开发工程师,本科,北京,C轮,会分期,移动互联网、金融,15k-30k,海淀区,"弹性工作制,股票期权,行业巨头,地铁周边",150-500人,3-5年
Python工程师,本科,厦门,不需要融资,10com,"移动互联网,电子商务",10k-20k,思明区,"弹性工作,扁平管理,家属福利,五险一金",15-50人,3-5年
Python工程师,本科,上海,不需要融资,米闲,"移动互联网,企业服务",10k-20k,普陀区,"追求极客,业务明确",15-50人,1-3年
Python/Golang开发工程师,本科,北京,B轮,Yi+,移动互联网,20k-40k,海淀区,"股票期权,绩效奖金,晋升空间,技术大牛",50-150人,1-3年
资深Python工程师（深圳）,本科,深圳,上市公司,Gridsum 国双,"数据服务,企业服务",20k-30k,福田区,上市公司 前景佳 氛围好 牛人多,500-2000人,5-10年
Python,本科,深圳,上市公司,金证股份,金融,9k-16k,福田区,"上市公司,办公环境好,薪资福利好,五险一金",2000人以上,3-5年
Python工程师,本科,长沙,未融资,康通,移动互联网,7K-14K,芙蓉区,"五险一金,亲属关爱金,免费中晚餐,福利齐全",150-500人,1-3年
Python开发工程师,本科,北京,B轮,妙计旅行,旅游,8k-16k,东城区,包三餐，年终奖，福利优厚,150-500人,1-3年
Python开发工程师,本科,杭州,上市公司,沃趣科技,"企业服务,数据服务",11k-22k,,精英团队、股票期权，购房贷款、丰厚奖金,50-150人,3-5年
python软件工程师助理/python程序员双休,大专,无锡,未融资,燃网络,"移动互联网,游戏",3k-6k,崇安区,"年终奖,五险一金,双休不加班,节日福利",少于15人,1年以下
Python中级工程师,本科,北京,A轮,ZingFront智线,"移动互联网,数据服务",15k-24k,朝阳区,"五险一金,补充医疗险,带薪年假,弹性工作",50-150人,3-5年
Python工程师J10008,本科,北京,C轮,TalkingData,移动互联网,20k-30k,东城区,"大数据,独角兽,技术成长,行业大牛",500-2000人,不限
Python,本科,苏州,B轮,问卷网@爱调研,移动互联网,6k-12k,工业园区,"带薪年假,定期体检,五险一金,福利多多",150-500人,1-3年
python开发工程师,本科,上海,不需要融资,通联数据,金融,10k-20k,虹口区,提供午餐晚餐、补充医疗保险、交通通讯补助,150-500人,3-5年
Python开发工程师兼高级铲屎官,本科,上海,不需要融资,君学中国,文化娱乐,8k-15k,浦东新区,"办公环境好,扁平化管理",150-500人,1-3年
Python,本科,上海,天使轮,知助数据,"数据服务,企业服务",12k-17k,浦东新区,"前沿研究,弹性工作,员工期权",少于15人,不限
Python开发工程师,本科,深圳,不需要融资,万科物业,"O2O,生活服务",15k-30k,福田区,"平台好,空间大",2000人以上,3-5年
Python开发工程师（码隆科技）,本科,深圳,不需要融资,微创,"移动互联网,电子商务",10k-20k,盐田区,"六险一金,带薪病假,节假日福利,技术氛围浓",2000人以上,1-3年
搜狐媒体-社交产品中心-Python工程师,本科,北京,上市公司,搜狐集团,"移动互联网,广告营销",20k-30k,海淀区,通行证业务,2000人以上,1-3年
高级Python开发工程师,本科,上海,B轮,华尔街见闻,"金融,移动互联网",15k-22k,黄浦区,五险一金,150-500人,3-5年
Python开发工程师,本科,北京,上市公司,联想集团,"移动互联网,数据服务",17k-18k,海淀区,平台好 福利待遇优厚,2000人以上,3-5年
Python开发工程师,本科,深圳,上市公司,万兴科技股份有限公司,移动互联网,10k-20k,南山区,"在线高并发,技术难度大,运维要求高",150-500人,3-5年
系统开发工程师（Python）,本科,北京,B轮,学堂在线,"移动互联网,教育",20k-30k,海淀区,"五险一金,餐补,生日会,优秀团队",150-500人,5-10年
Python 开发工程师,大专,上海,A轮,两鲜,电子商务,10k-15k,浦东新区,"氛围轻松,大牛带教",150-500人,1-3年
高级Python工程师,本科,北京,A轮,摩尔妈妈,移动互联网,25k-50k,朝阳区,"技术大牛,0-1项目,技术驱动,创业氛围",15-50人,3-5年
python高级开发工程师,本科,上海,B轮,Zenlayer,"数据服务,移动互联网",15k-26k,静安区,"五险一金,晋升空间,团队优势,年度旅游",50-150人,3-5年
Python工程师,本科,北京,B轮,新东方教育行业研究院,"移动互联网,教育",10k-20k,海淀区,"待遇好,大牛多,平台好",150-500人,1-3年
Python开发,本科,苏州,B轮,问卷网@爱调研,移动互联网,15k-25k,工业园区,"带薪年假,五险一金,期权奖励,定期体检",150-500人,3-5年
python工程师,大专,苏州,不需要融资,梦嘉信息,"移动互联网,电子商务",6k-10k,工业园区,"项目奖金,年终奖金,团建福利,生日惊喜",150-500人,1-3年
Python高级工程师,不限,北京,A轮,中科视拓,企业服务,25k-40k,海淀区,"五险一金,团建津贴,免费体检,节日礼金",50-150人,1-3年
高级python开发工程师,本科,北京,上市公司,CIG,广告营销,15k-30k,海淀区,学习和创新型团队，扁平化管理，氛围open,500-2000人,3-5年
Python开发工程师,本科,北京,A轮,美利金融,"移动互联网,金融",15k-30k,朝阳区,"大牛团队,年底绩效",2000人以上,5-10年
高级Python研发工程师,本科,北京,不需要融资,格上添富,"移动互联网,金融",20k-35k,朝阳区,"水果零食,扁平化管理,弹性工作",150-500人,5-10年
python开发工程师,本科,武汉,A轮,优维科技,"移动互联网,企业服务",6k-12k,洪山区,"期权激励,五险一金,年终旅游,带薪年假",50-150人,1-3年
Python开发工程师,大专,深圳,上市公司,易博天下,"移动互联网,O2O",11k-20k,南山区,平台好 高速增长 股票期权 创业团队,150-500人,1-3年
Python开发工程师,本科,南宁,未融资,优趣工作室,移动互联网,4k-8k,西乡塘区,"创业,极客,技术驱动",15-50人,1-3年
高级Python工程师,本科,北京,不需要融资,微创,"移动互联网,电子商务",10k-15k,海淀区,六险一金 带薪年假 微软办公 弹性工作,2000人以上,3-5年
高级Python开发,本科,上海,不需要融资,坚果云,"企业服务,数据服务",20k-40k,浦东新区,"薪酬丰厚,扁平化管理,学习平台",50-150人,3-5年
Python/ Qt开发工程师,本科,广州,A轮,健康猫,移动互联网,6k-12k,天河区,"五险一金,带薪年假,年度旅游,培训拓展",500-2000人,1-3年
高级Python开发工程师,本科,北京,上市公司,Veeva,"移动互联网,企业服务",25k-35k,朝阳区,"纽交所上市,云计算,SaaS,生命科学",500-2000人,3-5年
python工程师,不限,长沙,未融资,万诸科技,"O2O,金融",6k-12k,岳麓区,"五险一金,包吃包住,弹性工作",15-50人,3-5年
Python开发工程师,本科,北京,D轮及以上,知乎,"移动互联网,社交网络",20k-40k,海淀区,一日三餐、Mac 办公、年底双薪,500-2000人,3-5年
Python工程师-赴深圳码隆科技,本科,深圳,不需要融资,微创,"移动互联网,电子商务",10k-20k,盐田区,"六险一金,带薪年假,节日福利,技术大牛",2000人以上,1-3年
Python开发工程师,本科,北京,D轮及以上,知乎,"移动互联网,社交网络",20k-40k,海淀区,一日三餐、Mac 办公、年底双薪,500-2000人,3-5年
高级Python开发工程师,本科,上海,D轮及以上,华云数据,"移动互联网,数据服务",18k-25k,杨浦区,云计算 高绩效,500-2000人,3-5年
Python开发工程师,大专,上海,不需要融资,趣头条,移动互联网,20k-35k,浦东新区,"六险一金,平均16薪,餐补,弹性上班",500-2000人,3-5年
高级Python开发,大专,上海,B轮,问卷网@爱调研,移动互联网,12k-24k,徐汇区,"季度旅游,带薪年假,下午茶,股票期权",150-500人,3-5年
Python高级开发工程师,本科,上海,不需要融资,君学中国,文化娱乐,8k-15k,浦东新区,"办公环境好,扁平化管理",150-500人,1-3年
高级Java/PHP/Python工程师,本科,北京,A轮,ZingFront智线,"移动互联网,数据服务",15k-24k,朝阳区,"带薪年假,福利多,办公环境好,氛围自由",50-150人,3-5年
Python,本科,深圳,A轮,乐易网络,"移动互联网,游戏",15k-30k,南山区,"海外手游,鹅厂大神,高配团队",150-500人,3-5年
Python,本科,宁波,未融资,新希望软件,"企业服务,生活服务",10k-15k,江北区,出国机会，上升空间，踏实做事，靠谱,50-150人,3-5年
Python开发工程师,本科,北京,B轮,学堂在线,"移动互联网,教育",20k-30k,海淀区,"五险一金,餐补,生日会,优秀团队",150-500人,3-5年
PYTHON高级开发工程师,不限,深圳,未融资,博奥特科技,"移动互联网,金融",18k-25k,罗湖区,"前景广阔,全新项目,提升空间大,项目背景强",150-500人,3-5年
python研发工程师,本科,北京,上市公司,CDS,移动互联网,15k-25k,海淀区,"薪酬福利好,云计算公司",150-500人,5-10年
Python工程师-金融事业部,本科,北京,A轮,普林科技,数据服务,10k-20k,海淀区,平台好，发展空间大,50-150人,1-3年
Python开发工程师,本科,广州,不需要融资,CNICG,移动互联网,9k-15k,南沙区,"专业团队,年终奖金,六险一金",50-150人,1-3年
python工程师,本科,北京,A轮,猎户星空,"移动互联网,硬件",15k-30k,朝阳区,大牛云集，人工智能，扁平管理,150-500人,1-3年
Python资深开发工程师,本科,上海,不需要融资,君学中国,文化娱乐,12k-24k,浦东新区,"扁平化管理,办公环境好",150-500人,3-5年
python工程师,本科,北京,A轮,猎户星空,"移动互联网,硬件",15k-30k,朝阳区,大牛云集，人工智能，扁平管理,150-500人,1-3年
Python开发工程师,大专,广州,上市公司,广州玖维信息科技有限公司,"移动互联网,数据服务",4k-6k,天河区,"双休,提成,五险一金,带薪休假",150-500人,1年以下
Python开发工程师,大专,北京,B轮,医渡云（北京）技术有限公司,"O2O,医疗健康",18K-35K,海淀区,"十四薪,带薪年假,免费三餐,租房补助",150-500人,3-5年
高级python工程师,大专,北京,B轮,新东方教育行业研究院,"移动互联网,教育",15k-30k,海淀区,"平台好,领导好,大牛多",150-500人,3-5年
高级Python开发工程师,大专,郑州,未融资,郑州创恒实业有限公司,移动互联网,7k-10k,金水区,高级,150-500人,1-3年
Python开发岗,本科,深圳,不需要融资,试金石信用,"数据服务,移动互联网",10k-20k,南山区,"福利好,大牛多",50-150人,1-3年
python开发工程师,不限,广州,上市公司,金科文化,移动互联网,10k-20k,天河区,"广告,大牛团队",150-500人,1-3年
Python开发工程师,本科,杭州,上市公司,京东金融,金融,15k-25k,,餐补+年终奖+良好的晋升空间,2000人以上,3-5年
Python开发工程师,本科,上海,上市公司,阅文集团,移动互联网,15k-25k,浦东新区,"团队好,发展快,福利全",500-2000人,5-10年
Python开发工程师,本科,深圳,天使轮,行云智能,"移动互联网,硬件",10k-20k,南山区,"扁平化管理,周末双休,年终奖,发展空间大",15-50人,1-3年
Python开发工程师,本科,深圳,天使轮,哈哈便利,"硬件,移动互联网",15k-30k,南山区,"创业公司,空间大,氛围好",15-50人,3-5年
python,本科,上海,不需要融资,江苏亿科达,"移动互联网,金融",8k-15k,浦东新区,"五险一金,旅游、体检,过节福利,生日礼金",500-2000人,3-5年
Python高级开发工程师,本科,深圳,A轮,乐格信息,"企业服务,数据服务",16k-30k,福田区,"精英团队,个人成长,外企文化,创业精神",150-500人,3-5年
Python工程师-赴码隆科技,本科,北京,不需要融资,微创,"移动互联网,电子商务",10k-15k,海淀区,"六险一金,带薪年假,节日福利,技术大牛",2000人以上,1-3年
Python工程师,本科,成都,上市公司,聚美优品,电子商务,10k-18k,高新区,"五险一金,餐饮补贴,节日福利",2000人以上,3-5年
python后台开发工程师,本科,深圳,不需要融资,顺丰科技有限公司,"移动互联网,电子商务",15k-30k,南山区,"挑战大,前景好,弹性上班,福利好",500-2000人,3-5年
Python研发工程师,本科,北京,B轮,妙计旅行,旅游,8k-16k,东城区,"免费三餐,晋升空间,福利待遇好",150-500人,1-3年
Python工程师,硕士,北京,B轮,菠萝理财,金融,10k-20k,朝阳区,"五险一金,年底双薪,弹性工作",15-50人,1-3年
Python开发工程师,大专,上海,C轮,驻云,"移动互联网,企业服务",15k-25k,浦东新区,"阿里云,晋升快,空间大",150-500人,3-5年
Python研发工程师,本科,上海,C轮,房多多,"移动互联网,O2O",15k-30k,闸北区,平台好，发展广阔，技术大牛多,2000人以上,1-3年
Python开发工程师,本科,北京,不需要融资,西贝,其他,8k-16k,朝阳区,"福利好,前景好,行业领先,创新",2000人以上,1-3年
Python开发工程师,本科,北京,未融资,原子钟,移动互联网,15k-25k,丰台区,"14薪,带薪年假,节日福利,机会多",少于15人,3-5年
Python,本科,上海,A轮,italki,"电子商务,教育",15k-30k,静安区,"国际团队,全球用户,在线教育,文化驱动",50-150人,5-10年
Python软件开发工程师,大专,广州,上市公司,广州玖维信息科技有限公司,"移动互联网,数据服务",4k-6k,天河区,"双休,提成,带薪休假,五险一金",150-500人,1年以下
Python工程师,不限,深圳,未融资,中安网域,"移动互联网,信息安全",6k-12k,南山区,"五险一金,节日福利,弹性工作",15-50人,1-3年
高级Python开发工程师,本科,北京,上市公司,Veeva,"移动互联网,企业服务",35k-45k,朝阳区,"纽交所上市,云计算,SaaS,股票",500-2000人,5-10年
高级Python开发工程师,本科,上海,不需要融资,musical.ly,"社交网络,文化娱乐",25k-50k,黄浦区,"大牛带你飞,零食不断,过亿用户",150-500人,3-5年
python开发工程师,本科,深圳,未融资,博奥特科技,"移动互联网,金融",15k-25k,福田区,"双休,晋升空间大,平台好,五险一金",150-500人,3-5年
高级Python开发工程师,本科,北京,B轮,Yi+,移动互联网,20k-40k,海淀区,"股票期权,绩效奖金,技术大牛,弹性工作",50-150人,3-5年
高级python研发工程师,本科,北京,B轮,云途腾,数据服务,20k-40k,海淀区,福利好 领导傻富甜 捎带手儿解决个人问题,50-150人,5-10年
python开发工程师,本科,上海,不需要融资,通联数据,金融,15k-30k,虹口区,"快速成长,薪资福利,行业大牛",150-500人,1-3年
Python开发工程师（码隆科技）,本科,北京,不需要融资,微创,"移动互联网,电子商务",10k-20k,海淀区,"六险一金,带薪病假,节假日福利,行业领先",2000人以上,1-3年
Python 开发工程师,本科,深圳,天使轮,SEEHAO123,移动互联网,10K-15K,福田区,"扁平化管理,奖金,提升空间",15-50人,3-5年
python开发高级工程师,本科,北京,上市公司,联想集团,"移动互联网,数据服务",18k-35k,海淀区,"福利全面,上市公司",2000人以上,3-5年
Python高级开发工程师,本科,南京,不需要融资,ivtime,"移动互联网,企业服务",15k-25k,江宁区,弹性工作无需打卡、氛围好福利好，学习机会,15-50人,3-5年
Python开发工程师,本科,深圳,不需要融资,盖威,金融,14k-20k,南山区,福利待遇好,150-500人,3-5年
高级python工程师,本科,北京,C轮,今日头条,"移动互联网,数据服务",25k-40k,海淀区,六险一金，高薪期权，弹性工作，免费三餐，租房补贴，休闲下午茶，扁平管理，团队氛围好，优厚薪资,2000人以上,3-5年
Python工程师-大数据方向,本科,北京,上市公司,高思教育集团,"教育,移动互联网",15k-30k,海淀区,"领导好,氛围好,成长快,平台广阔",2000人以上,3-5年
103-中级Python开发工程师,本科,上海,D轮及以上,华云数据,"移动互联网,数据服务",15k-25k,杨浦区,各项补贴 带薪年病假 弹性上下班,500-2000人,3-5年
Python软件工程师,大专,宁波,未融资,宁波清车电气有限公司,电子商务,6k-8k,镇海区,"五险一金,做五休二,带薪年假,年底双薪",15-50人,1-3年
python工程师,本科,上海,B轮,上海大岂网络科技有限公司,移动互联网,10k-20k,徐汇区,"B轮公司,大数据团队,发展空间大,超长年假",50-150人,1-3年
python工程师(北京),本科,北京,B轮,码隆科技,移动互联网,15k-25k,海淀区,发展前景广阔,50-150人,1-3年
Python,大专,武汉,不需要融资,武汉佰钧成技术有限公司,移动互联网,15k-30k,东湖新技术开发区,"牛人团队,薪资高,福利好",2000人以上,3-5年
Python研发工程师,本科,北京,D轮及以上,出门问问,"移动互联网,O2O",12k-24k,海淀区,"年底多薪,弹性工作制,免费健身房,午晚餐补助",150-500人,1-3年
Python开发工程师,本科,北京,A轮,超对称,"移动互联网,企业服务",12k-20k,朝阳区,"五险一金,每周运动,无限量零食,好老板",15-50人,1-3年
Python,本科,北京,C轮,会分期,移动互联网、金融,15K-25K,海淀区,"行业领先,激情团队,扁平化管理,团队氛围好",150-500人,3-5年
PHP/Python开发工程师,本科,珠海,天使轮,利保,"移动互联网,硬件",10k-20k,香洲区,"发展前景大,领导好相处,不定期加薪,办公环境好",15-50人,3-5年
Python后台开发工程师（深圳）,本科,深圳,不需要融资,平安科技,金融,10k-15k,福田区,世界500强 带薪年假 节日福利 绩效丰厚,2000人以上,不限
python工程师,本科,太原,不需要融资,优逸客,移动互联网,8k-12k,小店区,五险一金,50-150人,1-3年
Python开发／后端软件工程师.,本科,上海,B轮,Juwai,移动互联网,20k-30k,虹口区,氛围好,50-150人,3-5年
Python开发,本科,上海,A轮,果雪科技,移动互联网,15k-25k,闵行区,"技术大牛,各类补贴,氛围好,年终奖金",50-150人,3-5年
Python开发工程师,本科,上海,B轮,助理来也,移动互联网,15k-30k,徐汇区,"发展空间,大牛交流,五险一金,福利补贴",50-150人,1-3年
Python工程师,本科,北京,不需要融资,云蜂科技,移动互联网,15k-25k,海淀区,"发展空间大,技术氛围好,办公环境好,简单开放",50-150人,3-5年
Python 研发工程师,本科,武汉,D轮及以上,青云,数据服务,12k-24k,洪山区,"大牛团队,工程师文化,公司上升期",150-500人,1-3年
Python开发工程师,本科,上海,A轮,DAOCLOUD,"企业服务,数据服务",20k-40k,杨浦区,"15天年假,5天病假,年终多薪,公司前景",150-500人,3-5年
高级python开发工程师,大专,深圳,上市公司,环球易购,电子商务,12k-20k,南山区,上市公司,2000人以上,3-5年
python高级开发工程师,大专,深圳,B轮,掌贝（云移科技）,"移动互联网,O2O",18k-25k,福田区,五险一金 定期培训 年度体检 生日福利,500-2000人,5-10年
Python开发工程师（中高级）,本科,成都,不需要融资,路行通,"移动互联网,生活服务",12k-20k,高新区,"高绩效奖励,多维度发展,完善福利,人性化管理",500-2000人,3-5年
python工程师,本科,郑州,不需要融资,中原消费金融,"移动互联网,金融",10k-20k,中原区,"领导好,待遇优",50-150人,1-3年
Python,本科,北京,B轮,妙计旅行,旅游,8k-16k,东城区,"免费三餐,晋升空间,福利待遇好",150-500人,1-3年
Python开发工程师,本科,西安,A轮,BOO!,"移动互联网,社交网络",10k-20k,雁塔区,"弹性工作,扁平管理,五险一金,健身福利",50-150人,3-5年
高级python开发工程师,大专,深圳,未融资,博奥特科技,"移动互联网,金融",15k-25k,福田区,"行业前景好,发展空间大,有“钱”景",150-500人,3-5年
Python高级工程师,本科,北京,不需要融资,高域海汇,移动互联网,15k-30k,朝阳区,年底双薪,50-150人,1-3年
高级python研发工程师,本科,成都,不需要融资,路行通,"移动互联网,生活服务",15k-20k,高新区,"高绩效奖励,多维度发展,完善福利,人性化管理",500-2000人,5-10年
Python开发工程师,本科,北京,B轮,钱方好近,金融,25k-30k,朝阳区,六险一金，带薪年假，年度体检，自由氛围。,150-500人,3-5年
Python软件开发工程师,大专,广州,上市公司,广州玖维信息科技有限公司,"移动互联网,数据服务",3k-5k,天河区,"周末双休,五险一金,节日福利,提供食宿",150-500人,1年以下
高级Python开发工程师,本科,北京,C轮,智融集团,金融,20k-40k,,"成长空间,技术驱动,顶尖团队,弹性工作",150-500人,3-5年
python开发工程师,本科,深圳,A轮,乐易网络,"移动互联网,游戏",10k-20k,南山区,"五险一金,年终奖金,两次调薪,大神指导",150-500人,3-5年
Python开发工程师,本科,北京,C轮,闪银奇异,"移动互联网,金融",18k-35k,朝阳区,"全五险一金,牛人多,发展快,福利好",500-2000人,1-3年
Python开发工程师,本科,成都,不需要融资,俊云科技,"移动互联网,硬件",10k-15k,高新区,"高薪资,丰厚年终奖,期权,百万级产品",50-150人,1-3年
Python工程师,本科,北京,不需要融资,凡普金科,金融,25k-35k,东城区,"六险一金,数据驱动,敏捷开发,行业风口",2000人以上,3-5年
高级python开发工程师-SH415-41509,本科,上海,D轮及以上,点融网,金融,20k-40k,黄浦区,"前景好,福利好",500-2000人,3-5年
高级/资深 python开发工程师,本科,杭州,C轮,Club Factory,"电子商务,移动互联网",20k-30k,西湖区,"高流量,高并发,技术成长快,世界级产品",150-500人,3-5年
python高级研发,大专,上海,A轮,Vechain,"移动互联网,信息安全",20k-35k,静安区,"五险一金,不打卡,免费午餐",50-150人,3-5年
Python开发,本科,北京,B轮,钱方好近,金融,20k-30k,朝阳区,"试用期全薪,餐补,六险一金,年终奖",150-500人,3-5年
python开发工程师,大专,深圳,未融资,博奥特科技,"移动互联网,金融",10k-20k,福田区,"晋升空间大,福利待遇好",150-500人,1-3年
中级python研发工程师,本科,成都,不需要融资,路行通,"移动互联网,生活服务",8k-15k,高新区,"高绩效奖励,多维度发展,完善福利,人性化管理",500-2000人,3-5年
Python工程师,本科,北京,B轮,妙计旅行,旅游,8k-16k,东城区,"晋升空间,免费三餐,福利待遇好",150-500人,1-3年
python研发工程师,本科,北京,未融资,艾唯博瑞,"移动互联网,企业服务",15k-25k,东城区,绩效奖金带薪年假五险一金岗位晋升,15-50人,3-5年
Python开发工程师-pass平台方向,本科,北京,上市公司,京东金融,金融,25k-50k,通州区,年终奖，带薪年假，班车，午餐晚餐,2000人以上,5-10年
Python开发工程师,本科,广州,上市公司,蓝盾信息安全技术股份有限公司,信息安全,12k-22k,天河区,双休、晋升快,500-2000人,1-3年
高级 Python 研发工程师（上海）,本科,上海,A轮,DAOCLOUD,"企业服务,数据服务",10k-20k,杨浦区,"大牛环绕,弹性工作,福利优厚",150-500人,3-5年
Python研发中级工程师,本科,北京,A轮,掌控,"移动互联网,电子商务",15k-30k,海淀区,行业第一 技术导向 大用户 大数据 超强团队,15-50人,3-5年
高级Python工程师,本科,北京,天使轮,星尘数据,"数据服务,移动互联网",20k-35k,朝阳区,"极客团队,算法加持,硅谷文化,百度阿里",15-50人,3-5年
Python研发工程师,本科,北京,B轮,LBE 科技,移动互联网,15k-25k,朝阳区,"海外APP,社/公全额,海外团建,工作居住证",50-150人,1-3年
高级Python开发工程师,本科,深圳,A轮,杉岩数据,"企业服务,数据服务",16k-23k,南山区,"领导好,发展空间大,9点半上班,扁平化管理",15-50人,3-5年
Python研发工程师,大专,北京,A轮,诚信互通,"移动互联网,企业服务",15k-30k,海淀区,五险一金,150-500人,3-5年
Python 中级研发工程师,本科,北京,不需要融资,北京中铁信,其他,15k-30k,海淀区,前景好，平台广阔，福利完善,50-150人,3-5年
Python开发工程师,本科,成都,不需要融资,网信集团,"移动互联网,金融",8k-16k,高新区,"六险一金,弹性工作制,股票期权,饭补",2000人以上,3-5年
Python开发工程师,本科,上海,A轮,DAOCLOUD,"企业服务,数据服务",10k-20k,杨浦区,"大牛环绕,弹性工作,福利优厚",150-500人,1-3年
Python工程师（智能硬件）,本科,北京,B轮,学堂在线,"移动互联网,教育",20k-30k,海淀区,"五险一金,交通补,免费早餐,生日趴",150-500人,5-10年
python工程师,本科,北京,B轮,乐信圣文,移动互联网,15k-30k,海淀区,"五险一金,免费工作餐,年终奖,高端医疗",50-150人,1-3年
python高级工程师,不限,上海,不需要融资,语酷网络,"社交网络,企业服务",20k-40k,静安区,"高房补,定制午餐,出国旅游,福利多多",15-50人,不限
高级Python开发工程师,本科,深圳,上市公司,明源云链,"移动互联网,企业服务",16k-22k,南山区,"牛人多,扁平化管理",2000人以上,3-5年
Python开发工程师(云栖小镇),本科,杭州,不需要融资,武汉佰钧成技术有限公司,移动互联网,10k-18k,西湖区,"大牛,最新领域,技术,美女",2000人以上,1-3年
python研发工程师,本科,北京,不需要融资,物灵,"硬件,移动互联网",15k-30k,朝阳区,"人工智能,万物有灵,黑科技,硅谷范",150-500人,3-5年
Python高级开发工程师,本科,北京,B轮,第三石科技,"移动互联网,电子商务",18k-36k,朝阳区,良好的技术氛围，丰厚的福利待遇,50-150人,3-5年
高级python工程师,本科,北京,A轮,陪我,"移动互联网,金融",25k-40k,海淀区,"核心产品,团队氛围好,业务前景大,指导新人",50-150人,3-5年
python工程师,大专,广州,B轮,推想科技,"医疗健康,数据服务",6k-12k,白云区,"人工智能,快速成长,弹性工时,14薪",50-150人,1年以下
Python工程师,本科,上海,A轮,italki,"电子商务,教育",10k-20k,静安区,"国际化团队,福利太多,企业文化,技术驱动",50-150人,1-3年
Python高级开发,本科,上海,不需要融资,趣头条,移动互联网,15k-30k,浦东新区,发展空间,500-2000人,5-10年
Python开发经理,本科,北京,B轮,蓝信移动（北京）科技有限公司,移动互联网,20k-35k,朝阳区,"360旗下,靠谱大平台,薪资福利好,技术大牛多",150-500人,5-10年
HY2-python后台开发工程师（深圳）,本科,深圳,上市公司,腾讯,"移动互联网 ,游戏",18k-30k,南山区,"五险一金,绩效奖金,带薪休假",2000人以上,3-5年
Python工程师,大专,深圳,不需要融资,阿鹿,"移动互联网,医疗健康",15k-25k,南山区,"上市公司,实力雄厚,人性化管理,福利众多",50-150人,1-3年
资深Python研发工程师,本科,苏州,天使轮,NaturLing教育科技,"移动互联网,教育",15k-25k,工业园区,"弹性工作,硅谷文化,国际化团队,股权激励",少于15人,3-5年
python开发工程师,本科,北京,B轮,博云,"移动互联网,企业服务",10k-20k,海淀区,"Linux,pytho,自动化",150-500人,1-3年
中级PYTHON开发工程师,大专,深圳,未融资,博奥特科技,"移动互联网,金融",22k-25k,福田区,"提升空间大,金融行业,行业前景广",150-500人,5-10年
Python,本科,北京,A轮,Quantex,"移动互联网,金融",20k-40k,西城区,"人工智能,对接美国,不打卡,西直门地铁",50-150人,3-5年
python开发工程师,本科,上海,不需要融资,瞬联软件科技（北京）有限公司,"移动互联网 ,企业服务",10k-15k,长宁区,五险一金、弹性工作制、带薪年假、内部培训,500-2000人,不限
Linux C++/Python中高级研发工程师,本科,北京,B轮,好巧,数据服务,25k-35k,朝阳区,"高增长,五险一金,弹性工作,有期权",150-500人,3-5年
python高级后端工程师,本科,北京,C轮,Face++,"移动互联网,硬件",25k-50k,海淀区,核心团队,500-2000人,5-10年
python开发工程师(深圳),本科,深圳,B轮,码隆科技,移动互联网,20k-40k,盐田区,发展前景广阔,50-150人,1-3年
Python中级研发工程师,本科,北京,不需要融资,北京中铁信,其他,14k-23k,海淀区,福利好，前景好。平台好。,50-150人,3-5年
Python工程师,本科,北京,B轮,大鱼自助游,旅游,15k-30k,朝阳区,"氛围轻松,有成就感,成长空间大",50-150人,1-3年
Python/PyQt PC客户端高级开发工程师,本科,北京,天使轮,爱乐宝机器人,"移动互联网,硬件",15k-20k,海淀区,"氛围开发,发展空间大,老板好沟通,技术大牛多",15-50人,3-5年
Python量化工程师,本科,上海,不需要融资,浮石资本,金融,20k-40k,浦东新区,"五险一金,薪酬福利,环境优越,升职潜力",150-500人,3-5年
python工程师,本科,杭州,天使轮,云汽配配,移动互联网,18k-30k,上城区,"双休,五险一金,友爱团队,地铁周边",15-50人,1-3年
Python开发工程师/爬虫工程师,本科,北京,A轮,水滴互助,"移动互联网,医疗健康",20k-40k,朝阳区,五险一金,150-500人,3-5年
Python 工程师,本科,北京,A轮,况客科技,金融,15k-30k,朝阳区,"技术培养,能力提升,培养计划,福利好",15-50人,1-3年
